"Message",Low,"Starting .NET Native compilation"
"Message",Low,""
"Message",Low,""
"Message",Low,"Task ""Gatekeeper"""
"Message",Normal,"Launching 'C:\Users\84697\.nuget\packages\runtime.win10-arm64.microsoft.net.native.compiler\2.2.8-rel-28605-00\tools\ARM64\ilc\ilc.exe --gatekeeper @""D:\documents\learn-codes\c#\NetCore\W3SpeechUwpApp1\project\Wicher3ModDevelopTools\Wicher3ModDevelopTools\obj\ARM64\Debug\ilc\intermediate\gkargs.rsp""'"
"Message",Low,"Microsoft (R) .NET Native Gatekeeper Version 2.2.28605.00 "
"Message",Low,"Copyright (C) Microsoft Corporation.  All rights reserved. "
"Message",Low," "
"Message",Low,"ILCTelemetry: System.ArgumentException: Could not deserialize to TelemetrySession object"
"Message",Low,"������: serializedSession ---> System.Runtime.Serialization.SerializationException: �����л����� �������� Microsoft.VisualStudio.Telemetry.TelemetrySessionSettings ʱ���ִ�����Ҫ��ǡ�""�������ҵ���I���� ---> System.Xml.XmlException: ��Ҫ��ǡ�""�������ҵ���I����"
"Message",Low,"   �� System.Xml.XmlExceptionHelper.ThrowXmlException(XmlDictionaryReader reader, String res, String arg1, String arg2, String arg3)"
"Message",Low,"   �� System.Xml.XmlExceptionHelper.ThrowTokenExpected(XmlDictionaryReader reader, String expected, Char found)"
"Message",Low,"   �� System.Runtime.Serialization.Json.XmlJsonReader.ReadServerTypeAttribute(Boolean consumedObjectChar)"
"Message",Low,"   �� System.Runtime.Serialization.Json.XmlJsonReader.ReadAttributes()"
"Message",Low,"   �� System.Runtime.Serialization.Json.XmlJsonReader.ReadNonExistentElementName(StringHandleConstStringType elementName)"
"Message",Low,"   �� System.Runtime.Serialization.Json.XmlJsonReader.Read()"
"Message",Low,"   �� System.Xml.XmlBaseReader.IsStartElement()"
"Message",Low,"   �� System.Xml.XmlBaseReader.IsStartElement(XmlDictionaryString localName, XmlDictionaryString namespaceUri)"
"Message",Low,"   �� System.Runtime.Serialization.XmlReaderDelegator.IsStartElement(XmlDictionaryString localname, XmlDictionaryString ns)"
"Message",Low,"   �� System.Runtime.Serialization.XmlObjectSerializer.IsRootElement(XmlReaderDelegator reader, DataContract contract, XmlDictionaryString name, XmlDictionaryString ns)"
"Message",Low,"   �� System.Runtime.Serialization.Json.DataContractJsonSerializer.InternalIsStartObject(XmlReaderDelegator reader)"
"Message",Low,"   �� System.Runtime.Serialization.Json.DataContractJsonSerializer.InternalReadObject(XmlReaderDelegator xmlReader, Boolean verifyObjectName)"
"Message",Low,"   �� System.Runtime.Serialization.XmlObjectSerializer.InternalReadObject(XmlReaderDelegator reader, Boolean verifyObjectName, DataContractResolver dataContractResolver)"
"Message",Low,"   �� System.Runtime.Serialization.XmlObjectSerializer.ReadObjectHandleExceptions(XmlReaderDelegator reader, Boolean verifyObjectName, DataContractResolver dataContractResolver)"
"Message",Low,"   --- �ڲ��쳣��ջ���ٵĽ�β ---"
"Message",Low,"   �� System.Runtime.Serialization.XmlObjectSerializer.ReadObjectHandleExceptions(XmlReaderDelegator reader, Boolean verifyObjectName, DataContractResolver dataContractResolver)"
"Message",Low,"   �� System.Runtime.Serialization.Json.DataContractJsonSerializer.ReadObject(XmlDictionaryReader reader)"
"Message",Low,"   �� System.Runtime.Serialization.Json.DataContractJsonSerializer.ReadObject(Stream stream)"
"Message",Low,"   �� Microsoft.VisualStudio.Telemetry.TelemetrySessionSettings.Deserialize(String settings)"
"Message",Low,"   �� Microsoft.VisualStudio.Telemetry.TelemetrySessionSettings.Parse(String serializedSession)"
"Message",Low,"   --- �ڲ��쳣��ջ���ٵĽ�β ---"
"Message",Low,"   �� Microsoft.VisualStudio.Telemetry.TelemetrySessionSettings.Parse(String serializedSession)"
"Message",Low,"   �� ILCTelemetry.Program.ReadEvents()"
"Message",Low,"   �� ILCTelemetry.Program.Main(String[] args)"
"Message",Low,"Checking assembly 'D:\documents\learn-codes\c#\NetCore\W3SpeechUwpApp1\project\Wicher3ModDevelopTools\Wicher3ModDevelopTools\obj\ARM64\Debug\ilc\in\Wicher3ModDevelopTools.exe'. "
"Message",Normal,"'C:\Users\84697\.nuget\packages\runtime.win10-arm64.microsoft.net.native.compiler\2.2.8-rel-28605-00\tools\ARM64\ilc\ilc.exe --gatekeeper @""D:\documents\learn-codes\c#\NetCore\W3SpeechUwpApp1\project\Wicher3ModDevelopTools\Wicher3ModDevelopTools\obj\ARM64\Debug\ilc\intermediate\gkargs.rsp""' completed."
"Message",Normal,"Process execution statistics (all times in milliseconds)"
"Message",Normal,"-----------------------------------------------------------------------------"
"Message",Normal,"launch  |  start   |   stop   |   end    | duration | lifetime | [slot] name"
"Message",Normal,"-----------------------------------------------------------------------------"
"Message",Normal,"       0 |        0 |      156 |      156 |      156 |      156 | [0] Gatekeeper"
"Message",Normal,"Number of commands:      1"
"Message",Normal,"Total system time:       156 ms"
"Message",Normal,"System time per command: 156 ms"
"Message",Normal,"Total duration:          156 ms"
"Message",Normal,"Total lifetime:          156 ms"
"Message",Normal,"Requested DOP:           12"
"Message",Normal,"Duration DOP:            1.0"
"Message",Normal,"Lifetime DOP:            1.0"
"Message",Low,"Done executing task ""Gatekeeper""."
"Message",Low,"Done building target ""RunGatekeeper"" in file ""Preparation""."
"Message",Low,""
"Message",Low,"Done building target ""CreateToolchainGeneratedAssembly"" in file ""Preparation""."
"Message",Low,""
"Message",Low,"Task ""PreMergeAssemblyClosure"""
"Message",Low,"Done executing task ""PreMergeAssemblyClosure""."
"Message",Low,"Done building target ""ConstructPreMergeAssemblyClosure"" in file ""Preparation""."
"Message",Low,""
"Message",Low,"Task ""McgReferenceResolveFilePath"""
"Message",Low,"Done executing task ""McgReferenceResolveFilePath""."
"Message",Low,"Done building target ""PreResolveTransforms"" in file ""Preparation""."
"Message",Low,""
"Message",Low,"Task ""ResolveToolchainRequiredAssemblyRoots"""
"Message",Low,"Done executing task ""ResolveToolchainRequiredAssemblyRoots""."
"Message",Low,"Task ""ILTransformAssemblyClosure"""
"Message",Low,"Done executing task ""ILTransformAssemblyClosure""."
"Message",Low,"Task ""ResolveToolchainRequiredAssemblyRoots"""
"Message",Low,"Done executing task ""ResolveToolchainRequiredAssemblyRoots""."
"Message",Low,"Task ""ReducedCopyAssemblyClosure"""
"Message",Low,"Done executing task ""ReducedCopyAssemblyClosure""."
"Message",Low,"Done building target ""ConstructILTransformAssemblyClosure"" in file ""Preparation""."
"Message",Low,"Done building project ""Preparation""."
"Message",Low,""
"Message",Low,""
"Message",High,"Processing application code"
"Message",Low,"Task ""RunILTransforms"""
"Message",Normal,"Running 'DumpNativeResources' transform, heap at 40 MB."
"Message",Normal,"Running 'Analysis' transform, heap at 55 MB."
"Message",Low,"Loading 60 modules..."
"Message",Normal,"Imported reflection directives from 7 files:"
"Message",Normal,"D:\documents\learn-codes\c#\NetCore\W3SpeechUwpApp1\project\Wicher3ModDevelopTools\Wicher3ModDevelopTools\obj\ARM64\Debug\ilc\in\Properties\Default.rd.xml"
"Message",Normal,"Embedded manifest in System.Private.Interop: Resources.System.Private.Interop.rd.xml"
"Message",Normal,"Embedded manifest in System.Private.WinRTInterop.CoreLib: Resources.System.Private.WinRTInterop.CoreLib.rd.xml"
"Message",Normal,"Embedded manifest in System.Runtime.WindowsRuntime.UI.Xaml: Resources.System.Runtime.WindowsRuntime.UI.Xaml.rd.xml"
"Message",Normal,"Embedded manifest in System.Private.CoreLib: Resources.System.Private.CoreLib.rd.xml"
"Message",Normal,"Embedded manifest in System.Private.Uri: Resources.System.Private.Uri.rd.xml"
"Message",Normal,"Embedded manifest in System.Private.Reflection.Core: System.Private.Reflection.Core.rd.xml"
"Message",Normal,"Imported XAML Roots from 1 files:"
"Message",Normal,"D:\documents\learn-codes\c#\NetCore\W3SpeechUwpApp1\project\Wicher3ModDevelopTools\Wicher3ModDevelopTools\obj\ARM64\Debug\ilc\in\Wicher3ModDevelopTools.xr.xml"
"Message",Normal,"Running 'Mcg' transform, heap at 160 MB."
"Message",High,"Computing application closure and generating interop code"
"Message",High,"  Loading 60 modules..."
"Message",Normal,"          P/Invoke 'RhpGetFuncEvalParameterBufferSize' with [DllImport(ExactSpelling=true)] resolved to '[MRT]!RhpGetFuncEvalParameterBufferSize'."
"Message",Normal,"          P/Invoke 'RhpGetFuncEvalMode' with [DllImport(ExactSpelling=true)] resolved to '[MRT]!RhpGetFuncEvalMode'."
"Message",Normal,"          P/Invoke 'RhpRecordDebuggeeInitiatedHandle' with [DllImport(ExactSpelling=true)] resolved to '[MRT]!RhpRecordDebuggeeInitiatedHandle'."
"Message",Normal,"          P/Invoke 'RhpVerifyDebuggerCleanup' with [DllImport(ExactSpelling=true)] resolved to '[MRT]!RhpVerifyDebuggerCleanup'."
"Message",Normal,"          P/Invoke 'RhpGetCurrentThread' with [DllImport(ExactSpelling=true)] resolved to '[MRT]!RhpGetCurrentThread'."
"Message",Normal,"          P/Invoke 'RhWaitForPendingFinalizers' with [DllImport(ExactSpelling=true)] resolved to '[MRT]!RhWaitForPendingFinalizers'."
"Message",Normal,"          P/Invoke 'RhYield' with [DllImport(ExactSpelling=true)] resolved to '[MRT]!RhYield'."
"Message",Normal,"          P/Invoke 'RhFlushProcessWriteBuffers' with [DllImport(ExactSpelling=true)] resolved to '[MRT]!RhFlushProcessWriteBuffers'."
"Message",Normal,"          P/Invoke 'RhCompatibleReentrantWaitAny' with [DllImport(ExactSpelling=true)] resolved to '[MRT]!RhCompatibleReentrantWaitAny'."
"Message",Normal,"          P/Invoke 'RhCallDescrWorker' with [DllImport(ExactSpelling=true)] resolved to '[MRT]!RhCallDescrWorker'."
"Message",Normal,"          P/Invoke '_ecvt_s' with [DllImport(ExactSpelling=true)] resolved to '[MRT]!_ecvt_s'."
"Message",Normal,"          P/Invoke 'memmove' with [DllImport(ExactSpelling=true)] resolved to '[MRT]!memmove'."
"Message",Normal,"          P/Invoke 'memset' with [DllImport(ExactSpelling=true)] resolved to '[MRT]!memset'."
"Message",Normal,"          P/Invoke 'CallingConventionConverter_GetStubs' with [DllImport(ExactSpelling=true)] resolved to '*!CallingConventionConverter_GetStubs'."
"Message",Normal,"          P/Invoke 'WindowsCreateStringReference' resolved to 'WindowsCreateStringReference!api-ms-win-core-winrt-string-l1-1-0.dll' from 'SupportedAPIs.xml'."
"Message",Normal,"          P/Invoke 'GetLastError' resolved to 'GetLastError!api-ms-win-core-errorhandling-l1-1-0.dll' from 'SupportedAPIs.xml'."
"Message",Normal,"          P/Invoke 'SetLastError' resolved to 'SetLastError!api-ms-win-core-errorhandling-l1-1-0.dll' from 'SupportedAPIs.xml'."
"Message",Normal,"          P/Invoke 'RoInitialize' resolved to 'RoInitialize!api-ms-win-core-winrt-l1-1-0.dll' from 'SupportedAPIs.xml'."
"Message",Normal,"          P/Invoke 'IsValidLocaleName' resolved to 'IsValidLocaleName!api-ms-win-core-localization-l1-2-0.dll' from 'SupportedAPIs.xml'."
"Message",Normal,"          P/Invoke 'ResolveLocaleName' resolved to 'ResolveLocaleName!api-ms-win-core-localization-l1-2-0.dll' from 'SupportedAPIs.xml'."
"Message",Normal,"          P/Invoke 'GetStdHandle' resolved to 'GetStdHandle!kernel32.dll' from 'SupportedAPIs.xml'."
"Message",Normal,"          P/Invoke 'CreateProcessWithLogonW' resolved to 'CreateProcessWithLogonW!advapi32.dll' from 'SupportedAPIs.xml'."
"Message",Normal,"          P/Invoke 'CreateProcessW' resolved to 'CreateProcessW!kernel32.dll' from 'SupportedAPIs.xml'."
"Message",Normal,"          P/Invoke 'GetConsoleCP' resolved to 'GetConsoleCP!kernel32.dll' from 'SupportedAPIs.xml'."
"Message",Normal,"          P/Invoke 'GetConsoleOutputCP' resolved to 'GetConsoleOutputCP!kernel32.dll' from 'SupportedAPIs.xml'."
"Message",Normal,"          P/Invoke 'GetCPInfoExW' resolved to 'GetCPInfoExW!kernel32.dll' from 'SupportedAPIs.xml'."
"Message",Normal,"          P/Invoke 'CloseHandle' resolved to 'CloseHandle!kernel32.dll' from 'SupportedAPIs.xml'."
"Message",Normal,"          P/Invoke 'GetCurrentProcess' resolved to 'GetCurrentProcess!kernel32.dll' from 'SupportedAPIs.xml'."
"Message",Normal,"          P/Invoke 'DuplicateHandle' resolved to 'DuplicateHandle!kernel32.dll' from 'SupportedAPIs.xml'."
"Message",Normal,"          P/Invoke 'GetExitCodeProcess' resolved to 'GetExitCodeProcess!kernel32.dll' from 'SupportedAPIs.xml'."
"Message",Normal,"          P/Invoke 'DuplicateHandle' resolved to 'DuplicateHandle!kernel32.dll' from 'SupportedAPIs.xml'."
"Message",Normal,"          P/Invoke 'CreatePipe' resolved to 'CreatePipe!kernel32.dll' from 'SupportedAPIs.xml'."
"Message",Normal,"          P/Invoke 'OpenProcess' resolved to 'OpenProcess!kernel32.dll' from 'SupportedAPIs.xml'."
"Message",Normal,"          P/Invoke 'CoCreateInstance' resolved to 'CoCreateInstance!api-ms-win-core-com-l1-1-0.dll' from 'SupportedAPIs.xml'."
"Message",Normal,"          P/Invoke 'LookupPrivilegeValueW' resolved to 'LookupPrivilegeValueW!advapi32.dll' from 'SupportedAPIs.xml'."
"Message",Normal,"          P/Invoke 'OpenProcessToken' resolved to 'OpenProcessToken!advapi32.dll' from 'SupportedAPIs.xml'."
"Message",Normal,"          P/Invoke 'AdjustTokenPrivileges' resolved to 'AdjustTokenPrivileges!advapi32.dll' from 'SupportedAPIs.xml'."
"Message",Normal,"          P/Invoke 'GetProcessId' resolved to 'GetProcessId!kernel32.dll' from 'SupportedAPIs.xml'."
"Message",Normal,"          P/Invoke 'SysFreeString' resolved to 'SysFreeString!OleAut32' from 'SupportedAPIs.xml'."
"Message",Normal,"          P/Invoke 'WideCharToMultiByte' resolved to 'WideCharToMultiByte!kernel32.dll' from 'SupportedAPIs.xml'."
"Message",Normal,"          P/Invoke 'MultiByteToWideChar' resolved to 'MultiByteToWideChar!kernel32.dll' from 'SupportedAPIs.xml'."
"Message",Normal,"          P/Invoke 'FormatMessageW' resolved to 'FormatMessageW!kernel32.dll' from 'SupportedAPIs.xml'."
"Message",Normal,"          P/Invoke 'GetComputerNameW' resolved to 'GetComputerNameW!kernel32.dll' from 'SupportedAPIs.xml'."
"Message",Normal,"          P/Invoke 'GetCPInfoExW' resolved to 'GetCPInfoExW!kernel32.dll' from 'SupportedAPIs.xml'."
"Message",Normal,"          P/Invoke 'K32EnumProcesses' resolved to 'K32EnumProcesses!kernel32.dll' from 'SupportedAPIs.xml'."
"Message",Normal,"          P/Invoke 'RoGetBufferMarshaler' resolved to 'RoGetBufferMarshaler!api-ms-win-core-winrt-robuffer-l1-1-0.dll' from 'SupportedAPIs.xml'."
"Message",High,"  Generating code..."
"Message",High,"  Interop code generated."
"Message",Normal,"  Written code to AssemblyInfo.g.cs"
"Message",Normal,"  Written code to Adapters.g.cs"
"Message",Normal,"  Written code to Data.g.cs"
"Message",Normal,"  Written code to Helpers.g.cs"
"Message",Normal,"  Written code to ImplTypes.g.cs"
"Message",Normal,"  Written code to PInvoke.g.cs"
"Message",Normal,"  Written code to SafeTypes.g.cs"
"Message",Normal,"  Written code to SharedStubs.g.cs"
"Message",Normal,"Running 'GenerateCodeAndCompile' transform, heap at 156 MB."
"Message",High,"Compiling interop code"
"Message",Normal,"Compiling generated source code: C:\Users\84697\.nuget\packages\microsoft.net.native.compiler\2.2.8-rel-28605-00\tools\csc\csc.exe /noconfig @""D:\documents\learn-codes\c#\NetCore\W3SpeechUwpApp1\project\Wicher3ModDevelopTools\Wicher3ModDevelopTools\obj\ARM64\Debug\ilc\intermediate\Wicher3ModDevelopTools.McgInterop.rsp"""
"Message",High,"Generating System.Reflection.DispatchProxy proxy code."
"Message",Normal,"Running 'ReducedCopyInitialize' transform, heap at 156 MB."
"Message",Normal,"Running 'ReducedCopyEmptyTypes' transform, heap at 174 MB."
"Message",Normal,"Running 'ReducedCopyPopulateTypes' transform, heap at 176 MB."
"Message",Normal,"Running 'ReducedCopyLateMetadata' transform, heap at 156 MB."
"Message",Normal,"Running 'ReducedCopyPassResourcesToMutableAssembly' transform, heap at 171 MB."
"Message",Normal,"Running 'ReducedCopyMethodBodies' transform, heap at 171 MB."
"Message",Normal,"Running 'ReducedCopyComplete' transform, heap at 189 MB."
"Message",Normal,"Running 'ReducedCopyCleanup' transform, heap at 205 MB."
"Message",Normal,"Running 'ComImportDetector' transform, heap at 205 MB."
"Message",Normal,"Running 'McgAccessor' transform, heap at 205 MB."
"Message",Normal,"Running 'McgRedirect' transform, heap at 206 MB."
"Message",Normal,"Running 'McgRedirect' transform, heap at 208 MB."
"Message",Normal,"Running 'McgTypeOf' transform, heap at 208 MB."
"Message",Normal,"Running 'EventSource' transform, heap at 211 MB."
"Message",Normal,"Running 'ValueType' transform, heap at 211 MB."
"Message",Normal,"Running 'Attribute' transform, heap at 211 MB."
"Message",Normal,"Running 'GetType' transform, heap at 211 MB."
"Message",Normal,"Running 'McgFixups' transform, heap at 212 MB."
"Message",Normal,"Running 'ResourceManagerCtor' transform, heap at 213 MB."
"Message",Normal,"Running 'TypeofTypeHandle' transform, heap at 213 MB."
"Message",Normal,"Running 'DispatchProxyIntrinsics' transform, heap at 197 MB."
"Message",Normal,"Running 'StaticInitData' transform, heap at 197 MB."
"Message",Normal,"Running 'Delegate' transform, heap at 205 MB."
"Message",Normal,"Running 'LazyGenerics' transform, heap at 206 MB."
"Message",Normal,"Running 'AddReflectionBlockedAttributes' transform, heap at 212 MB."
"Message",Normal,"Running 'DisableOptimization' transform, heap at 212 MB."
"Message",Normal,"Running 'ResourceExtractor' transform, heap at 212 MB."
"Message",Normal,"Running 'CreateMetadata' transform, heap at 212 MB."
"Message",Normal,"Running 'StartupCodeInjector' transform, heap at 223 MB."
"Message",Normal,"Running 'SaveRVAStatics' transform, heap at 223 MB."
"Message",Normal,"Running 'ReflectionInvoke' transform, heap at 223 MB."
"Message",Normal,"Running 'ScrubOpenCalls' transform, heap at 223 MB."
"Message",Normal,"Running 'ConvertCatchIntoFilter' transform, heap at 224 MB."
"Message",Normal,"Running 'ReflectionMappingInfoEmit' transform, heap at 224 MB."
"Message",Normal,"Running 'ReflectionIntrinsics' transform, heap at 224 MB."
"Message",Normal,"Running 'ConvertManagedWinMD' transform, heap at 225 MB."
"Message",Normal,"Running 'DebuggerGuidedStepThroughJmc' transform, heap at 225 MB."
"Message",Normal,"Running 'Reducer' transform, heap at 227 MB."
"Message",High,"Cleaning up unreferenced code"
"Message",Normal,"Running 'WriteAssemblies' transform, heap at 230 MB."
"Message",Normal,""
"Message",Normal,"Transform summary"
"Message",Normal,"    ms | heap delta | name"
"Message",Normal,"  4288 |        105 | Analysis"
"Message",Normal,"  1713 |          0 | GenerateCodeAndCompile"
"Message",Normal,"  1418 |         -4 | Mcg"
"Message",Normal,"   977 |         31 | WriteAssemblies"
"Message",Normal,"   337 |         18 | ReducedCopyInitialize"
"Message",Normal,"   298 |          3 | Reducer"
"Message",Normal,"   244 |         16 | ReducedCopyComplete"
"Message",Normal,"   153 |         15 | DumpNativeResources"
"Message",Normal,"   108 |        -20 | ReducedCopyPopulateTypes"
"Message",Normal,"   103 |         11 | CreateMetadata"
"Message",Normal,"    75 |        -16 | TypeofTypeHandle"
"Message",Normal,"    71 |         18 | ReducedCopyMethodBodies"
"Message",Normal,"    63 |         15 | ReducedCopyLateMetadata"
"Message",Normal,"    29 |          6 | LazyGenerics"
"Message",Normal,"    28 |          2 | McgRedirect"
"Message",Normal,"    27 |          8 | StaticInitData"
"Message",Normal,"    26 |          3 | McgTypeOf"
"Message",Normal,"    15 |          0 | McgRedirect"
"Message",Normal,"    13 |          0 | SaveRVAStatics"
"Message",Normal,"     8 |          2 | ReducedCopyEmptyTypes"
"Message",Normal,"     6 |          2 | DebuggerGuidedStepThroughJmc"
"Message",Normal,"     6 |          1 | ReflectionIntrinsics"
"Message",Normal,"     6 |          1 | McgFixups"
"Message",Normal,"     6 |          1 | GetType"
"Message",Normal,"     4 |          1 | McgAccessor"
"Message",Normal,"     3 |          0 | DispatchProxyIntrinsics"
"Message",Normal,"     3 |          1 | ScrubOpenCalls"
"Message",Normal,"     2 |          0 | Attribute"
"Message",Normal,"     2 |          1 | Delegate"
"Message",Normal,"     1 |          0 | ReducedCopyCleanup"
"Message",Normal,"     1 |          0 | ReflectionMappingInfoEmit"
"Message",Normal,"     1 |          0 | ConvertCatchIntoFilter"
"Message",Normal,"     1 |          0 | ReflectionInvoke"
"Message",Normal,"     1 |          0 | StartupCodeInjector"
"Message",Normal,"     1 |          0 | EventSource"
"Message",Normal,"     1 |          0 | ResourceExtractor"
"Message",Normal,"     1 |          0 | ValueType"
"Message",Normal,"     0 |          0 | DisableOptimization"
"Message",Normal,"     0 |          0 | AddReflectionBlockedAttributes"
"Message",Normal,"     0 |          0 | ComImportDetector"
"Message",Normal,"     0 |          0 | ConvertManagedWinMD"
"Message",Normal,"     0 |          0 | ResourceManagerCtor"
"Message",Normal,"     0 |          0 | ReducedCopyPassResourcesToMutableAssembly"
"Message",Low,"Done executing task ""RunILTransforms""."
"Message",Low,"Done building target ""RunILTransforms"" in file ""ILTransforms""."
"Message",Low,"Done building project ""ILTransforms""."
"Message",Low,""
"Message",Low,""
"Message",Low,"Done building target ""GenerateMDIL"" in file ""Nutc""."
"Message",Low,""
"Message",High,"Generating native code"
"Message",Low,"Done building target ""MDILPrepareMultiFile"" in file ""Nutc""."
"Message",Low,""
"Message",Low,"Done building target ""SetBinaryForReferences"" in file ""Nutc""."
"Message",Low,""
"Message",Low,"Task ""GenerateMDILGlobalAnalysis"""
"Message",Normal,"Launching 'C:\Users\84697\.nuget\packages\runtime.win10-arm64.microsoft.net.native.compiler\2.2.8-rel-28605-00\tools\ARM64\ilc\Tools64\nutc_driver.exe @""D:\documents\learn-codes\c#\NetCore\W3SpeechUwpApp1\project\Wicher3ModDevelopTools\Wicher3ModDevelopTools\obj\ARM64\Debug\ilc\intermediate\MDIL\Wicher3ModDevelopTools.rsp""'"
"Message",Low,"Assembly path: ILCompiler.Host.dll"
"Message",Low,"Managed type:  ILCompiler.ILCompilerHost"
"Message",Low,"Method name:   Initialize"
"Message",Low,"Arguments:     00007FFB691229F0"
"Message",Low,"Managed call succeeded, exit code: 00000000"
"Message",Low,"Scanning 992 methods."
"Message",Low,"Scanning 2934 methods."
"Message",Low,"Scanning 1359 methods."
"Message",Low,"Scanning 343 methods."
"Message",Low,"Scanning 369 methods."
"Message",Low,"Scanning 242 methods."
"Message",Low,"Scanning 156 methods."
"Message",Low,"Scanning 179 methods."
"Message",Low,"Scanning 251 methods."
"Message",Low,"Scanning 115 methods."
"Message",Low,"Scanning 61 methods."
"Message",Low,"Scanning 79 methods."
"Message",Low,"Scanning 59 methods."
"Message",Low,"Scanning 32 methods."
"Message",Low,"Scanning 29 methods."
"Message",Low,"Scanning 13 methods."
"Message",Low,"Scanning 2 methods."
"Message",Low,"Scanning 5 methods."
"Message",Low,"Compiling 7220 methods."
"Message",Low,"Emitting Object File"
"Message",Low,"Successfully generated 'D:\documents\learn-codes\c#\NetCore\W3SpeechUwpApp1\project\Wicher3ModDevelopTools\Wicher3ModDevelopTools\obj\ARM64\Debug\ilc\intermediate\MDIL\Wicher3ModDevelopTools.obj'"
"Message",Low,"Microsoft (R) MDIL Compiler - Version 2.2.28605.00"
"Message",Low,"Copyright (c) Microsoft Corporation.  All rights reserved."
"Message",Normal,"'C:\Users\84697\.nuget\packages\runtime.win10-arm64.microsoft.net.native.compiler\2.2.8-rel-28605-00\tools\ARM64\ilc\Tools64\nutc_driver.exe @""D:\documents\learn-codes\c#\NetCore\W3SpeechUwpApp1\project\Wicher3ModDevelopTools\Wicher3ModDevelopTools\obj\ARM64\Debug\ilc\intermediate\MDIL\Wicher3ModDevelopTools.rsp""' completed."
"Message",Normal,"Process execution statistics (all times in milliseconds)"
"Message",Normal,"-----------------------------------------------------------------------------"
"Message",Normal,"launch  |  start   |   stop   |   end    | duration | lifetime | [slot] name"
"Message",Normal,"-----------------------------------------------------------------------------"
"Message",Normal,"       0 |       47 |     6750 |     6750 |     6703 |     6750 | [0] Nutc GlobalAnalysis"
"Message",Normal,"Number of commands:      1"
"Message",Normal,"Total system time:       6750 ms"
"Message",Normal,"System time per command: 6750 ms"
"Message",Normal,"Total duration:          6703 ms"
"Message",Normal,"Total lifetime:          6750 ms"
"Message",Normal,"Requested DOP:           12"
"Message",Normal,"Duration DOP:            1.0"
"Message",Normal,"Lifetime DOP:            1.0"
"Message",Low,"Done executing task ""GenerateMDILGlobalAnalysis""."
"Message",Low,"Done building target ""GenerateMDILGlobalAnalysis"" in file ""Nutc""."
"Message",Low,""
"Message",Low,"Task ""rc"""
"Message",Normal,"Launching 'D:\Windows Kits\10\bin\10.0.18362.0\x64\rc.exe /c ""65001"" /r /fo ""D:\documents\learn-codes\c#\NetCore\W3SpeechUwpApp1\project\Wicher3ModDevelopTools\Wicher3ModDevelopTools\obj\ARM64\Debug\ilc\intermediate\BuildInfo\BuildInfo.res"" ""D:\documents\learn-codes\c#\NetCore\W3SpeechUwpApp1\project\Wicher3ModDevelopTools\Wicher3ModDevelopTools\obj\ARM64\Debug\ilc\intermediate\BuildInfo\BuildInfo.rc""'"
"Message",Low,"Microsoft (R) Windows (R) Resource Compiler Version 10.0.10011.16384"
"Message",Low,"Copyright (C) Microsoft Corporation.  All rights reserved."
"Message",Normal,"'D:\Windows Kits\10\bin\10.0.18362.0\x64\rc.exe /c ""65001"" /r /fo ""D:\documents\learn-codes\c#\NetCore\W3SpeechUwpApp1\project\Wicher3ModDevelopTools\Wicher3ModDevelopTools\obj\ARM64\Debug\ilc\intermediate\BuildInfo\BuildInfo.res"" ""D:\documents\learn-codes\c#\NetCore\W3SpeechUwpApp1\project\Wicher3ModDevelopTools\Wicher3ModDevelopTools\obj\ARM64\Debug\ilc\intermediate\BuildInfo\BuildInfo.rc""' completed."
"Message",Normal,"Process execution statistics (all times in milliseconds)"
"Message",Normal,"-----------------------------------------------------------------------------"
"Message",Normal,"launch  |  start   |   stop   |   end    | duration | lifetime | [slot] name"
"Message",Normal,"-----------------------------------------------------------------------------"
"Message",Normal,"       0 |       16 |       62 |       62 |       46 |       62 | [0] rc"
"Message",Normal,"Number of commands:      1"
"Message",Normal,"Total system time:       62 ms"
"Message",Normal,"System time per command: 62 ms"
"Message",Normal,"Total duration:          46 ms"
"Message",Normal,"Total lifetime:          62 ms"
"Message",Normal,"Requested DOP:           12"
"Message",Normal,"Duration DOP:            0.7"
"Message",Normal,"Lifetime DOP:            1.0"
"Message",Low,"Done executing task ""rc""."
"Message",Low,"Task ""ResourceBinaryConcatenate"""
"Message",Normal,"Concatenating into 'D:\documents\learn-codes\c#\NetCore\W3SpeechUwpApp1\project\Wicher3ModDevelopTools\Wicher3ModDevelopTools\obj\ARM64\Debug\ilc\intermediate\Native.res' with alignment '4'."
"Message",Normal," Added 'D:\documents\learn-codes\c#\NetCore\W3SpeechUwpApp1\project\Wicher3ModDevelopTools\Wicher3ModDevelopTools\obj\ARM64\Debug\ilc\intermediate\ILTransformed\Wicher3ModDevelopTools.res' at offset 0."
"Message",Normal," Added 'D:\documents\learn-codes\c#\NetCore\W3SpeechUwpApp1\project\Wicher3ModDevelopTools\Wicher3ModDevelopTools\obj\ARM64\Debug\ilc\intermediate\BuildInfo\BuildInfo.res' at offset 1464."
"Message",Low,"Done executing task ""ResourceBinaryConcatenate""."
"Message",Low,"Done building target ""GenerateBuildInfo"" in file ""Nutc""."
"Message",Low,"Done building project ""Nutc""."
"Message",Low,""
"Message",Low,""
"Message",Low,"Task ""Lib"""
"Message",Normal,"Launching 'C:\Users\84697\.nuget\packages\runtime.win10-arm64.microsoft.net.native.compiler\2.2.8-rel-28605-00\tools\ARM64\ilc\tools\link\link.exe /LIB /MACHINE:arm64 /DEF:""D:\documents\learn-codes\c#\NetCore\W3SpeechUwpApp1\project\Wicher3ModDevelopTools\Wicher3ModDevelopTools\obj\ARM64\Debug\ilc\intermediate\MDIL\advapi32.def"" /OUT:""D:\documents\learn-codes\c#\NetCore\W3SpeechUwpApp1\project\Wicher3ModDevelopTools\Wicher3ModDevelopTools\obj\ARM64\Debug\ilc\intermediate\MDIL\advapi32.lib""'"
"Message",Normal,"Launching 'C:\Users\84697\.nuget\packages\runtime.win10-arm64.microsoft.net.native.compiler\2.2.8-rel-28605-00\tools\ARM64\ilc\tools\link\link.exe /LIB /MACHINE:arm64 /DEF:""D:\documents\learn-codes\c#\NetCore\W3SpeechUwpApp1\project\Wicher3ModDevelopTools\Wicher3ModDevelopTools\obj\ARM64\Debug\ilc\intermediate\MDIL\api-ms-win-core-com-l1-1-0.def"" /OUT:""D:\documents\learn-codes\c#\NetCore\W3SpeechUwpApp1\project\Wicher3ModDevelopTools\Wicher3ModDevelopTools\obj\ARM64\Debug\ilc\intermediate\MDIL\api-ms-win-core-com-l1-1-0.lib""'"
"Message",Normal,"Launching 'C:\Users\84697\.nuget\packages\runtime.win10-arm64.microsoft.net.native.compiler\2.2.8-rel-28605-00\tools\ARM64\ilc\tools\link\link.exe /LIB /MACHINE:arm64 /DEF:""D:\documents\learn-codes\c#\NetCore\W3SpeechUwpApp1\project\Wicher3ModDevelopTools\Wicher3ModDevelopTools\obj\ARM64\Debug\ilc\intermediate\MDIL\api-ms-win-core-localization-l1-2-0.def"" /OUT:""D:\documents\learn-codes\c#\NetCore\W3SpeechUwpApp1\project\Wicher3ModDevelopTools\Wicher3ModDevelopTools\obj\ARM64\Debug\ilc\intermediate\MDIL\api-ms-win-core-localization-l1-2-0.lib""'"
"Message",Normal,"Launching 'C:\Users\84697\.nuget\packages\runtime.win10-arm64.microsoft.net.native.compiler\2.2.8-rel-28605-00\tools\ARM64\ilc\tools\link\link.exe /LIB /MACHINE:arm64 /DEF:""D:\documents\learn-codes\c#\NetCore\W3SpeechUwpApp1\project\Wicher3ModDevelopTools\Wicher3ModDevelopTools\obj\ARM64\Debug\ilc\intermediate\MDIL\api-ms-win-core-winrt-l1-1-0.def"" /OUT:""D:\documents\learn-codes\c#\NetCore\W3SpeechUwpApp1\project\Wicher3ModDevelopTools\Wicher3ModDevelopTools\obj\ARM64\Debug\ilc\intermediate\MDIL\api-ms-win-core-winrt-l1-1-0.lib""'"
"Message",Normal,"Launching 'C:\Users\84697\.nuget\packages\runtime.win10-arm64.microsoft.net.native.compiler\2.2.8-rel-28605-00\tools\ARM64\ilc\tools\link\link.exe /LIB /MACHINE:arm64 /DEF:""D:\documents\learn-codes\c#\NetCore\W3SpeechUwpApp1\project\Wicher3ModDevelopTools\Wicher3ModDevelopTools\obj\ARM64\Debug\ilc\intermediate\MDIL\api-ms-win-core-winrt-robuffer-l1-1-0.def"" /OUT:""D:\documents\learn-codes\c#\NetCore\W3SpeechUwpApp1\project\Wicher3ModDevelopTools\Wicher3ModDevelopTools\obj\ARM64\Debug\ilc\intermediate\MDIL\api-ms-win-core-winrt-robuffer-l1-1-0.lib""'"
"Message",Normal,"Launching 'C:\Users\84697\.nuget\packages\runtime.win10-arm64.microsoft.net.native.compiler\2.2.8-rel-28605-00\tools\ARM64\ilc\tools\link\link.exe /LIB /MACHINE:arm64 /DEF:""D:\documents\learn-codes\c#\NetCore\W3SpeechUwpApp1\project\Wicher3ModDevelopTools\Wicher3ModDevelopTools\obj\ARM64\Debug\ilc\intermediate\MDIL\api-ms-win-core-winrt-string-l1-1-0.def"" /OUT:""D:\documents\learn-codes\c#\NetCore\W3SpeechUwpApp1\project\Wicher3ModDevelopTools\Wicher3ModDevelopTools\obj\ARM64\Debug\ilc\intermediate\MDIL\api-ms-win-core-winrt-string-l1-1-0.lib""'"
"Message",Normal,"Launching 'C:\Users\84697\.nuget\packages\runtime.win10-arm64.microsoft.net.native.compiler\2.2.8-rel-28605-00\tools\ARM64\ilc\tools\link\link.exe /LIB /MACHINE:arm64 /DEF:""D:\documents\learn-codes\c#\NetCore\W3SpeechUwpApp1\project\Wicher3ModDevelopTools\Wicher3ModDevelopTools\obj\ARM64\Debug\ilc\intermediate\MDIL\kernel32.def"" /OUT:""D:\documents\learn-codes\c#\NetCore\W3SpeechUwpApp1\project\Wicher3ModDevelopTools\Wicher3ModDevelopTools\obj\ARM64\Debug\ilc\intermediate\MDIL\kernel32.lib""'"
"Message",Normal,"Launching 'C:\Users\84697\.nuget\packages\runtime.win10-arm64.microsoft.net.native.compiler\2.2.8-rel-28605-00\tools\ARM64\ilc\tools\link\link.exe /LIB /MACHINE:arm64 /DEF:""D:\documents\learn-codes\c#\NetCore\W3SpeechUwpApp1\project\Wicher3ModDevelopTools\Wicher3ModDevelopTools\obj\ARM64\Debug\ilc\intermediate\MDIL\OleAut32.def"" /OUT:""D:\documents\learn-codes\c#\NetCore\W3SpeechUwpApp1\project\Wicher3ModDevelopTools\Wicher3ModDevelopTools\obj\ARM64\Debug\ilc\intermediate\MDIL\OleAut32.lib""'"
"Message",Low,"Microsoft (R) Library Manager Version 14.15.26727.0__Copyright (C) Microsoft Corporation.  All rights reserved.____   Creating library D:\documents\learn-codes\c#\NetCore\W3SpeechUwpApp1\project\Wicher3ModDevelopTools\Wicher3ModDevelopTools\obj\ARM64\Debug\ilc\intermediate\MDIL\OleAut32.lib and object D:\documents\learn-codes\c#\NetCore\W3SpeechUwpApp1\project\Wicher3ModDevelopTools\Wicher3ModDevelopTools\obj\ARM64\Debug\ilc\intermediate\MDIL\OleAut32.exp__"
"Message",Normal,"'C:\Users\84697\.nuget\packages\runtime.win10-arm64.microsoft.net.native.compiler\2.2.8-rel-28605-00\tools\ARM64\ilc\tools\link\link.exe /LIB /MACHINE:arm64 /DEF:""D:\documents\learn-codes\c#\NetCore\W3SpeechUwpApp1\project\Wicher3ModDevelopTools\Wicher3ModDevelopTools\obj\ARM64\Debug\ilc\intermediate\MDIL\OleAut32.def"" /OUT:""D:\documents\learn-codes\c#\NetCore\W3SpeechUwpApp1\project\Wicher3ModDevelopTools\Wicher3ModDevelopTools\obj\ARM64\Debug\ilc\intermediate\MDIL\OleAut32.lib""' completed."
"Message",Low,"Microsoft (R) Library Manager Version 14.15.26727.0__Copyright (C) Microsoft Corporation.  All rights reserved.____   Creating library D:\documents\learn-codes\c#\NetCore\W3SpeechUwpApp1\project\Wicher3ModDevelopTools\Wicher3ModDevelopTools\obj\ARM64\Debug\ilc\intermediate\MDIL\api-ms-win-core-com-l1-1-0.lib and object D:\documents\learn-codes\c#\NetCore\W3SpeechUwpApp1\project\Wicher3ModDevelopTools\Wicher3ModDevelopTools\obj\ARM64\Debug\ilc\intermediate\MDIL\api-ms-win-core-com-l1-1-0.exp__"
"Message",Normal,"'C:\Users\84697\.nuget\packages\runtime.win10-arm64.microsoft.net.native.compiler\2.2.8-rel-28605-00\tools\ARM64\ilc\tools\link\link.exe /LIB /MACHINE:arm64 /DEF:""D:\documents\learn-codes\c#\NetCore\W3SpeechUwpApp1\project\Wicher3ModDevelopTools\Wicher3ModDevelopTools\obj\ARM64\Debug\ilc\intermediate\MDIL\api-ms-win-core-com-l1-1-0.def"" /OUT:""D:\documents\learn-codes\c#\NetCore\W3SpeechUwpApp1\project\Wicher3ModDevelopTools\Wicher3ModDevelopTools\obj\ARM64\Debug\ilc\intermediate\MDIL\api-ms-win-core-com-l1-1-0.lib""' completed."
"Message",Low,"Microsoft (R) Library Manager Version 14.15.26727.0__Copyright (C) Microsoft Corporation.  All rights reserved.____   Creating library D:\documents\learn-codes\c#\NetCore\W3SpeechUwpApp1\project\Wicher3ModDevelopTools\Wicher3ModDevelopTools\obj\ARM64\Debug\ilc\intermediate\MDIL\api-ms-win-core-winrt-robuffer-l1-1-0.lib and object D:\documents\learn-codes\c#\NetCore\W3SpeechUwpApp1\project\Wicher3ModDevelopTools\Wicher3ModDevelopTools\obj\ARM64\Debug\ilc\intermediate\MDIL\api-ms-win-core-winrt-robuffer-l1-1-0.exp__"
"Message",Normal,"'C:\Users\84697\.nuget\packages\runtime.win10-arm64.microsoft.net.native.compiler\2.2.8-rel-28605-00\tools\ARM64\ilc\tools\link\link.exe /LIB /MACHINE:arm64 /DEF:""D:\documents\learn-codes\c#\NetCore\W3SpeechUwpApp1\project\Wicher3ModDevelopTools\Wicher3ModDevelopTools\obj\ARM64\Debug\ilc\intermediate\MDIL\api-ms-win-core-winrt-robuffer-l1-1-0.def"" /OUT:""D:\documents\learn-codes\c#\NetCore\W3SpeechUwpApp1\project\Wicher3ModDevelopTools\Wicher3ModDevelopTools\obj\ARM64\Debug\ilc\intermediate\MDIL\api-ms-win-core-winrt-robuffer-l1-1-0.lib""' completed."
"Message",Low,"Microsoft (R) Library Manager Version 14.15.26727.0__Copyright (C) Microsoft Corporation.  All rights reserved.____   Creating library D:\documents\learn-codes\c#\NetCore\W3SpeechUwpApp1\project\Wicher3ModDevelopTools\Wicher3ModDevelopTools\obj\ARM64\Debug\ilc\intermediate\MDIL\advapi32.lib and object D:\documents\learn-codes\c#\NetCore\W3SpeechUwpApp1\project\Wicher3ModDevelopTools\Wicher3ModDevelopTools\obj\ARM64\Debug\ilc\intermediate\MDIL\advapi32.exp__"
"Message",Normal,"'C:\Users\84697\.nuget\packages\runtime.win10-arm64.microsoft.net.native.compiler\2.2.8-rel-28605-00\tools\ARM64\ilc\tools\link\link.exe /LIB /MACHINE:arm64 /DEF:""D:\documents\learn-codes\c#\NetCore\W3SpeechUwpApp1\project\Wicher3ModDevelopTools\Wicher3ModDevelopTools\obj\ARM64\Debug\ilc\intermediate\MDIL\advapi32.def"" /OUT:""D:\documents\learn-codes\c#\NetCore\W3SpeechUwpApp1\project\Wicher3ModDevelopTools\Wicher3ModDevelopTools\obj\ARM64\Debug\ilc\intermediate\MDIL\advapi32.lib""' completed."
"Message",Low,"Microsoft (R) Library Manager Version 14.15.26727.0__Copyright (C) Microsoft Corporation.  All rights reserved.____   Creating library D:\documents\learn-codes\c#\NetCore\W3SpeechUwpApp1\project\Wicher3ModDevelopTools\Wicher3ModDevelopTools\obj\ARM64\Debug\ilc\intermediate\MDIL\kernel32.lib and object D:\documents\learn-codes\c#\NetCore\W3SpeechUwpApp1\project\Wicher3ModDevelopTools\Wicher3ModDevelopTools\obj\ARM64\Debug\ilc\intermediate\MDIL\kernel32.exp__"
"Message",Normal,"'C:\Users\84697\.nuget\packages\runtime.win10-arm64.microsoft.net.native.compiler\2.2.8-rel-28605-00\tools\ARM64\ilc\tools\link\link.exe /LIB /MACHINE:arm64 /DEF:""D:\documents\learn-codes\c#\NetCore\W3SpeechUwpApp1\project\Wicher3ModDevelopTools\Wicher3ModDevelopTools\obj\ARM64\Debug\ilc\intermediate\MDIL\kernel32.def"" /OUT:""D:\documents\learn-codes\c#\NetCore\W3SpeechUwpApp1\project\Wicher3ModDevelopTools\Wicher3ModDevelopTools\obj\ARM64\Debug\ilc\intermediate\MDIL\kernel32.lib""' completed."
"Message",Low,"Microsoft (R) Library Manager Version 14.15.26727.0__Copyright (C) Microsoft Corporation.  All rights reserved.____   Creating library D:\documents\learn-codes\c#\NetCore\W3SpeechUwpApp1\project\Wicher3ModDevelopTools\Wicher3ModDevelopTools\obj\ARM64\Debug\ilc\intermediate\MDIL\api-ms-win-core-winrt-l1-1-0.lib and object D:\documents\learn-codes\c#\NetCore\W3SpeechUwpApp1\project\Wicher3ModDevelopTools\Wicher3ModDevelopTools\obj\ARM64\Debug\ilc\intermediate\MDIL\api-ms-win-core-winrt-l1-1-0.exp__"
"Message",Normal,"'C:\Users\84697\.nuget\packages\runtime.win10-arm64.microsoft.net.native.compiler\2.2.8-rel-28605-00\tools\ARM64\ilc\tools\link\link.exe /LIB /MACHINE:arm64 /DEF:""D:\documents\learn-codes\c#\NetCore\W3SpeechUwpApp1\project\Wicher3ModDevelopTools\Wicher3ModDevelopTools\obj\ARM64\Debug\ilc\intermediate\MDIL\api-ms-win-core-winrt-l1-1-0.def"" /OUT:""D:\documents\learn-codes\c#\NetCore\W3SpeechUwpApp1\project\Wicher3ModDevelopTools\Wicher3ModDevelopTools\obj\ARM64\Debug\ilc\intermediate\MDIL\api-ms-win-core-winrt-l1-1-0.lib""' completed."
"Message",Low,"Microsoft (R) Library Manager Version 14.15.26727.0__Copyright (C) Microsoft Corporation.  All rights reserved.____   Creating library D:\documents\learn-codes\c#\NetCore\W3SpeechUwpApp1\project\Wicher3ModDevelopTools\Wicher3ModDevelopTools\obj\ARM64\Debug\ilc\intermediate\MDIL\api-ms-win-core-winrt-string-l1-1-0.lib and object D:\documents\learn-codes\c#\NetCore\W3SpeechUwpApp1\project\Wicher3ModDevelopTools\Wicher3ModDevelopTools\obj\ARM64\Debug\ilc\intermediate\MDIL\api-ms-win-core-winrt-string-l1-1-0.exp__"
"Message",Normal,"'C:\Users\84697\.nuget\packages\runtime.win10-arm64.microsoft.net.native.compiler\2.2.8-rel-28605-00\tools\ARM64\ilc\tools\link\link.exe /LIB /MACHINE:arm64 /DEF:""D:\documents\learn-codes\c#\NetCore\W3SpeechUwpApp1\project\Wicher3ModDevelopTools\Wicher3ModDevelopTools\obj\ARM64\Debug\ilc\intermediate\MDIL\api-ms-win-core-winrt-string-l1-1-0.def"" /OUT:""D:\documents\learn-codes\c#\NetCore\W3SpeechUwpApp1\project\Wicher3ModDevelopTools\Wicher3ModDevelopTools\obj\ARM64\Debug\ilc\intermediate\MDIL\api-ms-win-core-winrt-string-l1-1-0.lib""' completed."
"Message",Low,"Microsoft (R) Library Manager Version 14.15.26727.0__Copyright (C) Microsoft Corporation.  All rights reserved.____   Creating library D:\documents\learn-codes\c#\NetCore\W3SpeechUwpApp1\project\Wicher3ModDevelopTools\Wicher3ModDevelopTools\obj\ARM64\Debug\ilc\intermediate\MDIL\api-ms-win-core-localization-l1-2-0.lib and object D:\documents\learn-codes\c#\NetCore\W3SpeechUwpApp1\project\Wicher3ModDevelopTools\Wicher3ModDevelopTools\obj\ARM64\Debug\ilc\intermediate\MDIL\api-ms-win-core-localization-l1-2-0.exp__"
"Message",Normal,"'C:\Users\84697\.nuget\packages\runtime.win10-arm64.microsoft.net.native.compiler\2.2.8-rel-28605-00\tools\ARM64\ilc\tools\link\link.exe /LIB /MACHINE:arm64 /DEF:""D:\documents\learn-codes\c#\NetCore\W3SpeechUwpApp1\project\Wicher3ModDevelopTools\Wicher3ModDevelopTools\obj\ARM64\Debug\ilc\intermediate\MDIL\api-ms-win-core-localization-l1-2-0.def"" /OUT:""D:\documents\learn-codes\c#\NetCore\W3SpeechUwpApp1\project\Wicher3ModDevelopTools\Wicher3ModDevelopTools\obj\ARM64\Debug\ilc\intermediate\MDIL\api-ms-win-core-localization-l1-2-0.lib""' completed."
"Message",Normal,"Process execution statistics (all times in milliseconds)"
"Message",Normal,"-----------------------------------------------------------------------------"
"Message",Normal,"launch  |  start   |   stop   |   end    | duration | lifetime | [slot] name"
"Message",Normal,"-----------------------------------------------------------------------------"
"Message",Normal,"      31 |       31 |      125 |      125 |       94 |       94 | [1] C:\Users\84697\.nuget\packages\runtime.win10-arm64.microsoft.net.native.compiler\2.2.8-rel-28605-00\tools\ARM64\ilc\tools\link\link.exe /LIB /MACHINE:arm64 /DEF:""D:\documents\learn-codes\c#\NetCore\W3SpeechUwpApp1\project\Wicher3ModDevelopTools\Wicher3ModDevelopTools\obj\ARM64\Debug\ilc\intermediate\MDIL\api-ms-win-core-com-l1-1-0.def"" /OUT:""D:\documents\learn-codes\c#\NetCore\W3SpeechUwpApp1\project\Wicher3ModDevelopTools\Wicher3ModDevelopTools\obj\ARM64\Debug\ilc\intermediate\MDIL\api-ms-win-core-com-l1-1-0.lib"""
"Message",Normal,"       0 |       31 |      125 |      125 |       94 |      125 | [0] C:\Users\84697\.nuget\packages\runtime.win10-arm64.microsoft.net.native.compiler\2.2.8-rel-28605-00\tools\ARM64\ilc\tools\link\link.exe /LIB /MACHINE:arm64 /DEF:""D:\documents\learn-codes\c#\NetCore\W3SpeechUwpApp1\project\Wicher3ModDevelopTools\Wicher3ModDevelopTools\obj\ARM64\Debug\ilc\intermediate\MDIL\advapi32.def"" /OUT:""D:\documents\learn-codes\c#\NetCore\W3SpeechUwpApp1\project\Wicher3ModDevelopTools\Wicher3ModDevelopTools\obj\ARM64\Debug\ilc\intermediate\MDIL\advapi32.lib"""
"Message",Normal,"      31 |       31 |      125 |      125 |       94 |       94 | [2] C:\Users\84697\.nuget\packages\runtime.win10-arm64.microsoft.net.native.compiler\2.2.8-rel-28605-00\tools\ARM64\ilc\tools\link\link.exe /LIB /MACHINE:arm64 /DEF:""D:\documents\learn-codes\c#\NetCore\W3SpeechUwpApp1\project\Wicher3ModDevelopTools\Wicher3ModDevelopTools\obj\ARM64\Debug\ilc\intermediate\MDIL\api-ms-win-core-localization-l1-2-0.def"" /OUT:""D:\documents\learn-codes\c#\NetCore\W3SpeechUwpApp1\project\Wicher3ModDevelopTools\Wicher3ModDevelopTools\obj\ARM64\Debug\ilc\intermediate\MDIL\api-ms-win-core-localization-l1-2-0.lib"""
"Message",Normal,"      47 |       47 |      125 |      125 |       78 |       78 | [7] C:\Users\84697\.nuget\packages\runtime.win10-arm64.microsoft.net.native.compiler\2.2.8-rel-28605-00\tools\ARM64\ilc\tools\link\link.exe /LIB /MACHINE:arm64 /DEF:""D:\documents\learn-codes\c#\NetCore\W3SpeechUwpApp1\project\Wicher3ModDevelopTools\Wicher3ModDevelopTools\obj\ARM64\Debug\ilc\intermediate\MDIL\OleAut32.def"" /OUT:""D:\documents\learn-codes\c#\NetCore\W3SpeechUwpApp1\project\Wicher3ModDevelopTools\Wicher3ModDevelopTools\obj\ARM64\Debug\ilc\intermediate\MDIL\OleAut32.lib"""
"Message",Normal,"      47 |       47 |      125 |      125 |       78 |       78 | [4] C:\Users\84697\.nuget\packages\runtime.win10-arm64.microsoft.net.native.compiler\2.2.8-rel-28605-00\tools\ARM64\ilc\tools\link\link.exe /LIB /MACHINE:arm64 /DEF:""D:\documents\learn-codes\c#\NetCore\W3SpeechUwpApp1\project\Wicher3ModDevelopTools\Wicher3ModDevelopTools\obj\ARM64\Debug\ilc\intermediate\MDIL\api-ms-win-core-winrt-robuffer-l1-1-0.def"" /OUT:""D:\documents\learn-codes\c#\NetCore\W3SpeechUwpApp1\project\Wicher3ModDevelopTools\Wicher3ModDevelopTools\obj\ARM64\Debug\ilc\intermediate\MDIL\api-ms-win-core-winrt-robuffer-l1-1-0.lib"""
"Message",Normal,"      47 |       47 |      125 |      125 |       78 |       78 | [6] C:\Users\84697\.nuget\packages\runtime.win10-arm64.microsoft.net.native.compiler\2.2.8-rel-28605-00\tools\ARM64\ilc\tools\link\link.exe /LIB /MACHINE:arm64 /DEF:""D:\documents\learn-codes\c#\NetCore\W3SpeechUwpApp1\project\Wicher3ModDevelopTools\Wicher3ModDevelopTools\obj\ARM64\Debug\ilc\intermediate\MDIL\kernel32.def"" /OUT:""D:\documents\learn-codes\c#\NetCore\W3SpeechUwpApp1\project\Wicher3ModDevelopTools\Wicher3ModDevelopTools\obj\ARM64\Debug\ilc\intermediate\MDIL\kernel32.lib"""
"Message",Normal,"      31 |       47 |      125 |      125 |       78 |       94 | [3] C:\Users\84697\.nuget\packages\runtime.win10-arm64.microsoft.net.native.compiler\2.2.8-rel-28605-00\tools\ARM64\ilc\tools\link\link.exe /LIB /MACHINE:arm64 /DEF:""D:\documents\learn-codes\c#\NetCore\W3SpeechUwpApp1\project\Wicher3ModDevelopTools\Wicher3ModDevelopTools\obj\ARM64\Debug\ilc\intermediate\MDIL\api-ms-win-core-winrt-l1-1-0.def"" /OUT:""D:\documents\learn-codes\c#\NetCore\W3SpeechUwpApp1\project\Wicher3ModDevelopTools\Wicher3ModDevelopTools\obj\ARM64\Debug\ilc\intermediate\MDIL\api-ms-win-core-winrt-l1-1-0.lib"""
"Message",Normal,"      47 |       47 |      125 |      125 |       78 |       78 | [5] C:\Users\84697\.nuget\packages\runtime.win10-arm64.microsoft.net.native.compiler\2.2.8-rel-28605-00\tools\ARM64\ilc\tools\link\link.exe /LIB /MACHINE:arm64 /DEF:""D:\documents\learn-codes\c#\NetCore\W3SpeechUwpApp1\project\Wicher3ModDevelopTools\Wicher3ModDevelopTools\obj\ARM64\Debug\ilc\intermediate\MDIL\api-ms-win-core-winrt-string-l1-1-0.def"" /OUT:""D:\documents\learn-codes\c#\NetCore\W3SpeechUwpApp1\project\Wicher3ModDevelopTools\Wicher3ModDevelopTools\obj\ARM64\Debug\ilc\intermediate\MDIL\api-ms-win-core-winrt-string-l1-1-0.lib"""
"Message",Normal,"Number of commands:      8"
"Message",Normal,"Total system time:       125 ms"
"Message",Normal,"System time per command: 15 ms"
"Message",Normal,"Total duration:          672 ms"
"Message",Normal,"Total lifetime:          719 ms"
"Message",Normal,"Requested DOP:           12"
"Message",Normal,"Duration DOP:            5.4"
"Message",Normal,"Lifetime DOP:            5.8"
"Message",Low,"Done executing task ""Lib""."
"Message",Low,"Done building target ""GenerateImportLibs"" in file ""Binder""."
"Message",Low,""
"Message",High,"Generating fixups for native code"
"Message",Low,"Task ""LINK"""
"Message",Normal,"Launching 'C:\Users\84697\.nuget\packages\runtime.win10-arm64.microsoft.net.native.compiler\2.2.8-rel-28605-00\tools\ARM64\ilc\tools\link\link.exe @""D:\documents\learn-codes\c#\NetCore\W3SpeechUwpApp1\project\Wicher3ModDevelopTools\Wicher3ModDevelopTools\obj\ARM64\Debug\ilc\intermediate\linkargs.Wicher3ModDevelopTools.rsp""'"
"Message",Low,"Wicher3ModDevelopTools.obj : warning LNK4104: export of symbol 'DllGetClassObject' should be PRIVATE"
"Message",Low,"   Creating library D:\documents\learn-codes\c#\NetCore\W3SpeechUwpApp1\project\Wicher3ModDevelopTools\Wicher3ModDevelopTools\obj\ARM64\Debug\ilc\intermediate\Native\Wicher3ModDevelopTools.lib and object D:\documents\learn-codes\c#\NetCore\W3SpeechUwpApp1\project\Wicher3ModDevelopTools\Wicher3ModDevelopTools\obj\ARM64\Debug\ilc\intermediate\Native\Wicher3ModDevelopTools.exp"
"Message",Normal,"'C:\Users\84697\.nuget\packages\runtime.win10-arm64.microsoft.net.native.compiler\2.2.8-rel-28605-00\tools\ARM64\ilc\tools\link\link.exe @""D:\documents\learn-codes\c#\NetCore\W3SpeechUwpApp1\project\Wicher3ModDevelopTools\Wicher3ModDevelopTools\obj\ARM64\Debug\ilc\intermediate\linkargs.Wicher3ModDevelopTools.rsp""' completed."
"Message",Normal,"Process execution statistics (all times in milliseconds)"
"Message",Normal,"-----------------------------------------------------------------------------"
"Message",Normal,"launch  |  start   |   stop   |   end    | duration | lifetime | [slot] name"
"Message",Normal,"-----------------------------------------------------------------------------"
"Message",Normal,"       0 |        0 |      375 |      375 |      375 |      375 | [0] link Wicher3ModDevelopTools"
"Message",Normal,"Number of commands:      1"
"Message",Normal,"Total system time:       375 ms"
"Message",Normal,"System time per command: 375 ms"
"Message",Normal,"Total duration:          375 ms"
"Message",Normal,"Total lifetime:          375 ms"
"Message",Normal,"Requested DOP:           12"
"Message",Normal,"Duration DOP:            1.0"
"Message",Normal,"Lifetime DOP:            1.0"
"Message",Low,"Done executing task ""LINK""."
"Message",Low,"Task ""LINK"""
"Message",Normal,"Launching 'C:\Users\84697\.nuget\packages\runtime.win10-arm64.microsoft.net.native.compiler\2.2.8-rel-28605-00\tools\ARM64\ilc\tools\link\link.exe /out:""D:\documents\learn-codes\c#\NetCore\W3SpeechUwpApp1\project\Wicher3ModDevelopTools\Wicher3ModDevelopTools\obj\ARM64\Debug\ilc\intermediate\Native\Wicher3ModDevelopTools.exe"" /entry:wmain /MACHINE:arm64 /subsystem:windows /appcontainer ""C:\Users\84697\.nuget\packages\runtime.win10-arm64.microsoft.net.native.compiler\2.2.8-rel-28605-00\tools\ARM64\ilc\Tools\shimExe.lib"" ""D:\documents\learn-codes\c#\NetCore\W3SpeechUwpApp1\project\Wicher3ModDevelopTools\Wicher3ModDevelopTools\obj\ARM64\Debug\ilc\intermediate\Native\Wicher3ModDevelopTools.lib"" ""C:\Users\84697\.nuget\packages\runtime.win10-arm64.microsoft.net.native.compiler\2.2.8-rel-28605-00\tools\ARM64\ilc\tools\link\kernel32.lib"" ""@D:\documents\learn-codes\c#\NetCore\W3SpeechUwpApp1\project\Wicher3ModDevelopTools\Wicher3ModDevelopTools\obj\ARM64\Debug\ilc\intermediate\MDIL\shimExe.linkargs.rsp""'"
"Message",Low,"Microsoft (R) Incremental Linker Version 14.15.26727.0"
"Message",Low,"Copyright (C) Microsoft Corporation.  All rights reserved."
"Message",Low,"/stack:1048576 "
"Message",Low,"LINK : warning LNK4001: no object files specified; libraries used"
"Message",Normal,"'C:\Users\84697\.nuget\packages\runtime.win10-arm64.microsoft.net.native.compiler\2.2.8-rel-28605-00\tools\ARM64\ilc\tools\link\link.exe /out:""D:\documents\learn-codes\c#\NetCore\W3SpeechUwpApp1\project\Wicher3ModDevelopTools\Wicher3ModDevelopTools\obj\ARM64\Debug\ilc\intermediate\Native\Wicher3ModDevelopTools.exe"" /entry:wmain /MACHINE:arm64 /subsystem:windows /appcontainer ""C:\Users\84697\.nuget\packages\runtime.win10-arm64.microsoft.net.native.compiler\2.2.8-rel-28605-00\tools\ARM64\ilc\Tools\shimExe.lib"" ""D:\documents\learn-codes\c#\NetCore\W3SpeechUwpApp1\project\Wicher3ModDevelopTools\Wicher3ModDevelopTools\obj\ARM64\Debug\ilc\intermediate\Native\Wicher3ModDevelopTools.lib"" ""C:\Users\84697\.nuget\packages\runtime.win10-arm64.microsoft.net.native.compiler\2.2.8-rel-28605-00\tools\ARM64\ilc\tools\link\kernel32.lib"" ""@D:\documents\learn-codes\c#\NetCore\W3SpeechUwpApp1\project\Wicher3ModDevelopTools\Wicher3ModDevelopTools\obj\ARM64\Debug\ilc\intermediate\MDIL\shimExe.linkargs.rsp""' completed."
"Message",Normal,"Process execution statistics (all times in milliseconds)"
"Message",Normal,"-----------------------------------------------------------------------------"
"Message",Normal,"launch  |  start   |   stop   |   end    | duration | lifetime | [slot] name"
"Message",Normal,"-----------------------------------------------------------------------------"
"Message",Normal,"       0 |        0 |       31 |       31 |       31 |       31 | [0] C:\Users\84697\.nuget\packages\runtime.win10-arm64.microsoft.net.native.compiler\2.2.8-rel-28605-00\tools\ARM64\ilc\tools\link\link.exe /out:""D:\documents\learn-codes\c#\NetCore\W3SpeechUwpApp1\project\Wicher3ModDevelopTools\Wicher3ModDevelopTools\obj\ARM64\Debug\ilc\intermediate\Native\Wicher3ModDevelopTools.exe"" /entry:wmain /MACHINE:arm64 /subsystem:windows /appcontainer ""C:\Users\84697\.nuget\packages\runtime.win10-arm64.microsoft.net.native.compiler\2.2.8-rel-28605-00\tools\ARM64\ilc\Tools\shimExe.lib"" ""D:\documents\learn-codes\c#\NetCore\W3SpeechUwpApp1\project\Wicher3ModDevelopTools\Wicher3ModDevelopTools\obj\ARM64\Debug\ilc\intermediate\Native\Wicher3ModDevelopTools.lib"" ""C:\Users\84697\.nuget\packages\runtime.win10-arm64.microsoft.net.native.compiler\2.2.8-rel-28605-00\tools\ARM64\ilc\tools\link\kernel32.lib"" ""@D:\documents\learn-codes\c#\NetCore\W3SpeechUwpApp1\project\Wicher3ModDevelopTools\Wicher3ModDevelopTools\obj\ARM64\Debug\ilc\intermediate\MDIL\shimExe.linkargs.rsp"""
"Message",Normal,"Number of commands:      1"
"Message",Normal,"Total system time:       31 ms"
"Message",Normal,"System time per command: 31 ms"
"Message",Normal,"Total duration:          31 ms"
"Message",Normal,"Total lifetime:          31 ms"
"Message",Normal,"Requested DOP:           12"
"Message",Normal,"Duration DOP:            1.0"
"Message",Normal,"Lifetime DOP:            1.0"
"Message",Low,"Done executing task ""LINK""."
"Message",Low,"Done building target ""Link"" in file ""Binder""."
"Message",Low,"Done building project ""Binder""."
"Message",Low,""
"Message",Low,""
"Message",Low,"Done building target ""CopyNativeExecutablesToOutput"" in file ""Deployment""."
"Message",Low,""
"Message",Low,"Task ""TransformAppxManifest"""
"Message",Low,"Done executing task ""TransformAppxManifest""."
"Message",Low,"Done building target ""TransformAppxManifestAndAddCrt"" in file ""Deployment""."
"Message",Low,""
"Message",Low,"Done building target ""CopyPackageResourceFileInRetailBuild"" in file ""Deployment""."
"Message",Low,"Done building project ""Deployment""."
"Message",Low,"Compilation finished"
